name,err_msg,iterations,warmup_iterations,gpu_computation,gpu_blocks,threads_per_block,message_size_B,block_size_B,EC,lost_blocks,cpu_threads,encode_time_ns,encode_time_ns_stddev,encode_throughput_Gbps,encode_throughput_Gbps_stddev,decode_time_ns,decode_time_ns_stddev,decode_throughput_Gbps,decode_throughput_Gbps_stddev
"Leopard",,500,100,0,0,0,134217728,4096,"(12/8)",0,1,3.03384e+07,124615,35.3927,0.144796,2.28472e+07,75077,46.9972,0.154025
"Leopard",,500,100,0,0,0,134217728,4096,"(20/16)",0,1,2.40183e+07,118786,44.7063,0.219731,2.27242e+07,82702.7,47.2517,0.171264
"Leopard",,500,100,0,0,0,134217728,4096,"(24/16)",0,1,3.51188e+07,166000,30.5753,0.143854,2.27738e+07,80313,47.1486,0.165811
"Leopard",,500,100,0,0,0,134217728,4096,"(36/32)",0,1,2.09054e+07,111941,51.3635,0.273238,2.27524e+07,78025.3,47.193,0.161439
"Leopard",,500,100,0,0,0,134217728,4096,"(40/32)",0,1,2.77337e+07,155289,38.7174,0.215852,2.27704e+07,80791.9,47.1557,0.166652
"Leopard",,500,100,0,0,0,134217728,4096,"(40/32)",1,1,2.78133e+07,145488,38.6063,0.201042,8.33422e+07,2.40177e+07,15.3528,9.15038
"Leopard",,500,100,0,0,0,134217728,4096,"(40/32)",2,1,2.77576e+07,157142,38.684,0.217849,9.64164e+07,1.06149e+07,11.3777,2.38652
"Leopard",,500,100,0,0,0,134217728,4096,"(40/32)",4,1,2.78138e+07,150426,38.6057,0.2079,1.03111e+08,2.20455e+06,10.4191,0.267006
"Leopard",,500,100,0,0,0,134217728,4096,"(40/32)",8,1,2.77425e+07,154608,38.7051,0.215016,1.08139e+08,901430,9.92996,0.0829128
"Leopard",,500,100,0,0,0,134217728,8192,"(12/8)",0,1,3.59062e+07,90129.9,29.9043,0.0748394,2.70896e+07,83684.8,39.637,0.122198
"Leopard",,500,100,0,0,0,134217728,8192,"(20/16)",0,1,2.69363e+07,92152.8,39.8627,0.135719,2.70818e+07,85240.1,39.6484,0.124621
"Leopard",,500,100,0,0,0,134217728,8192,"(24/16)",0,1,4.09895e+07,129815,26.1958,0.0827181,2.70868e+07,82661.6,39.6411,0.120749
"Leopard",,500,100,0,0,0,134217728,8192,"(36/32)",0,1,2.24357e+07,90808.1,47.8593,0.192543,2.70382e+07,80685.3,39.7123,0.118266
"Leopard",,500,100,0,0,0,134217728,8192,"(40/32)",0,1,3.10283e+07,133920,34.6059,0.148634,2.70523e+07,85390.9,39.6918,0.125052
"Leopard",,500,100,0,0,0,134217728,16384,"(12/8)",0,1,3.53853e+07,93750.8,30.3445,0.0801705,2.69796e+07,88410.4,39.7988,0.130199
"Leopard",,500,100,0,0,0,134217728,16384,"(20/16)",0,1,2.63408e+07,98428.1,40.764,0.151419,2.69586e+07,89135.7,39.8297,0.131348
"Leopard",,500,100,0,0,0,134217728,16384,"(24/16)",0,1,4.12781e+07,126129,26.0126,0.0792959,2.69716e+07,84982.3,39.8105,0.125321
"Leopard",,500,100,0,0,0,134217728,16384,"(36/32)",0,1,2.17872e+07,107209,49.2844,0.240521,2.69198e+07,90990.3,39.8872,0.134583
"Leopard",,500,100,0,0,0,134217728,16384,"(40/32)",0,1,3.10378e+07,138189,34.5953,0.153403,2.69456e+07,85773.6,39.849,0.12664
"Leopard",,500,100,0,0,0,134217728,32768,"(12/8)",0,1,3.57595e+07,92348.8,30.027,0.077374,2.68961e+07,91323.6,39.9223,0.135274
"Leopard",,500,100,0,0,0,134217728,32768,"(20/16)",0,1,2.67123e+07,100605,40.1972,0.150753,2.68679e+07,99022.2,39.9642,0.146869
"Leopard",,500,100,0,0,0,134217728,32768,"(24/16)",0,1,4.15003e+07,138766,25.8734,0.0862885,2.68663e+07,94352.1,39.9667,0.14016
"Leopard",,500,100,0,0,0,134217728,32768,"(36/32)",0,1,2.22657e+07,121920,48.2255,0.262355,2.68396e+07,97464,40.0064,0.145151
"Leopard",,500,100,0,0,0,134217728,32768,"(40/32)",0,1,3.11931e+07,161887,34.4234,0.177768,2.68736e+07,102746,39.9559,0.152398
"Leopard",,500,100,0,0,0,134217728,65536,"(12/8)",0,1,3.59306e+07,108230,29.884,0.089797,2.68332e+07,102071,40.016,0.151947
"Leopard",,500,100,0,0,0,134217728,65536,"(20/16)",0,1,2.69171e+07,117689,39.8915,0.173582,2.68208e+07,99685.6,40.0344,0.148705
"Leopard",,500,100,0,0,0,134217728,65536,"(24/16)",0,1,4.26598e+07,161656,25.1702,0.0951094,2.68321e+07,94192.9,40.0175,0.140327
"Leopard",,500,100,0,0,0,134217728,65536,"(36/32)",0,1,2.23231e+07,115465,48.1014,0.24733,2.68195e+07,86758.5,40.0363,0.129457
"Leopard",,500,100,0,0,0,134217728,65536,"(40/32)",0,1,3.3624e+07,163688,31.9345,0.154845,2.68371e+07,93469.7,40.0101,0.139159
"Leopard",,500,100,0,0,0,134217728,4096,"(12/8)",0,2,2.51648e+07,70835.7,42.6687,0.118869,2.01687e+07,50180.6,53.2382,0.13045
"Leopard",,500,100,0,0,0,134217728,4096,"(20/16)",0,2,2.00551e+07,69163.5,53.5402,0.184324,2.00801e+07,33689.4,53.4731,0.0894865
"Leopard",,500,100,0,0,0,134217728,4096,"(24/16)",0,2,3.02136e+07,134745,35.5391,0.158427,2.01177e+07,26986,53.3731,0.0714285
"Leopard",,500,100,0,0,0,134217728,4096,"(36/32)",0,2,1.72701e+07,56947.5,62.174,0.204344,1.9942e+07,36319.6,53.8435,0.0979252
"Leopard",,500,100,0,0,0,134217728,4096,"(40/32)",0,2,2.34941e+07,68216,45.703,0.132399,1.99518e+07,33119.8,53.817,0.0891389
"Leopard",,500,100,0,0,0,134217728,8192,"(12/8)",0,2,3.11366e+07,48786.2,34.4849,0.0540246,2.36959e+07,36266.7,45.3136,0.0693707
"Leopard",,500,100,0,0,0,134217728,8192,"(20/16)",0,2,2.3069e+07,58185.8,46.545,0.117302,2.3651e+07,46696.3,45.3995,0.0895994
"Leopard",,500,100,0,0,0,134217728,8192,"(24/16)",0,2,3.63281e+07,179838,29.5575,0.147572,2.36648e+07,43333.1,45.3732,0.0830401
"Leopard",,500,100,0,0,0,134217728,8192,"(36/32)",0,2,1.9228e+07,40405.9,55.8428,0.11708,2.3626e+07,42720.9,45.4477,0.0821636
"Leopard",,500,100,0,0,0,134217728,8192,"(40/32)",0,2,2.67811e+07,168846,40.0949,0.253554,2.3636e+07,43977.6,45.4284,0.0844683
"Leopard",,500,100,0,0,0,134217728,16384,"(12/8)",0,2,3.14906e+07,49157.3,34.0973,0.0532338,2.40222e+07,48659.9,44.6981,0.0904939
"Leopard",,500,100,0,0,0,134217728,16384,"(20/16)",0,2,2.34372e+07,106001,45.8144,0.209249,2.39954e+07,47937.1,44.748,0.089354
"Leopard",,500,100,0,0,0,134217728,16384,"(24/16)",0,2,3.66062e+07,204954,29.3332,0.164947,2.39974e+07,44288.8,44.7442,0.0825505
"Leopard",,500,100,0,0,0,134217728,16384,"(36/32)",0,2,1.94243e+07,77463.5,55.279,0.221144,2.39862e+07,45295,44.7651,0.0844659
"Leopard",,500,100,0,0,0,134217728,16384,"(40/32)",0,2,2.72694e+07,253508,39.3788,0.368421,2.39914e+07,47658.7,44.7554,0.0888167
"Leopard",,500,100,0,0,0,134217728,32768,"(12/8)",0,2,3.20076e+07,70018.9,33.5466,0.0734416,2.41596e+07,46296.8,44.4439,0.0851254
"Leopard",,500,100,0,0,0,134217728,32768,"(20/16)",0,2,2.39231e+07,115447,44.8841,0.218963,2.41577e+07,46233.2,44.4473,0.0850058
"Leopard",,500,100,0,0,0,134217728,32768,"(24/16)",0,2,3.80109e+07,170671,28.2488,0.127361,2.41519e+07,47135.8,44.458,0.0867172
"Leopard",,500,100,0,0,0,134217728,32768,"(36/32)",0,2,1.96401e+07,91396.2,54.672,0.254643,2.41321e+07,46304,44.4945,0.0853726
"Leopard",,500,100,0,0,0,134217728,32768,"(40/32)",0,2,2.86366e+07,77213.2,37.4957,0.100981,2.41699e+07,438380,44.4352,0.578736
"Leopard",,500,100,0,0,0,134217728,65536,"(12/8)",0,2,3.36526e+07,104954,31.907,0.0998322,2.42501e+07,49200.6,44.278,0.0897759
"Leopard",,500,100,0,0,0,134217728,65536,"(20/16)",0,2,2.72534e+07,56557.6,39.3986,0.0818252,2.42414e+07,48083.3,44.2939,0.0878456
"Leopard",,500,100,0,0,0,134217728,65536,"(24/16)",0,2,4.17467e+07,503958,25.7241,0.312471,2.42296e+07,43649.6,44.3154,0.0798129
"Leopard",,500,100,0,0,0,134217728,65536,"(36/32)",0,2,2.38775e+07,33725.1,44.9689,0.0633495,2.42145e+07,43592.1,44.343,0.0798032
"Leopard",,500,100,0,0,0,134217728,65536,"(40/32)",0,2,3.36576e+07,126380,31.9024,0.118651,2.42072e+07,45689.1,44.3564,0.0836363
"Leopard",,500,100,0,0,0,134217728,4096,"(12/8)",0,4,1.32048e+07,38697.5,81.3151,0.2368,1.07753e+07,17949.8,99.6491,0.165648
"Leopard",,500,100,0,0,0,134217728,4096,"(20/16)",0,4,1.05011e+07,48035.9,102.252,0.466476,1.07893e+07,19064.8,99.5195,0.175059
"Leopard",,500,100,0,0,0,134217728,4096,"(24/16)",0,4,1.57288e+07,92120.8,68.2682,0.40035,1.07564e+07,19169.4,99.8234,0.177613
"Leopard",,500,100,0,0,0,134217728,4096,"(36/32)",0,4,9.11218e+06,35651.5,117.838,0.458114,1.07125e+07,24901.9,100.234,0.231897
"Leopard",,500,100,0,0,0,134217728,4096,"(40/32)",0,4,1.21776e+07,36981.2,88.174,0.267322,1.06896e+07,24369.7,100.448,0.227824
"Leopard",,500,100,0,0,0,134217728,8192,"(12/8)",0,4,1.60083e+07,33937.8,67.0745,0.142273,1.21076e+07,29806.5,88.6838,0.218188
"Leopard",,500,100,0,0,0,134217728,8192,"(20/16)",0,4,1.18274e+07,53581.3,90.786,0.410871,1.20874e+07,35823,88.8326,0.263201
"Leopard",,500,100,0,0,0,134217728,8192,"(24/16)",0,4,1.8528e+07,57226,57.953,0.179625,1.20814e+07,33670.9,88.8761,0.247655
"Leopard",,500,100,0,0,0,134217728,8192,"(36/32)",0,4,9.78748e+06,32422.2,109.707,0.361374,1.205e+07,33795.1,89.1077,0.249892
"Leopard",,500,100,0,0,0,134217728,8192,"(40/32)",0,4,1.35932e+07,62027.2,78.9925,0.360613,1.20781e+07,32472.7,88.9006,0.238952
"Leopard",,500,100,0,0,0,134217728,16384,"(12/8)",0,4,1.61805e+07,38408,66.3608,0.157676,1.22677e+07,41954,87.5268,0.299062
"Leopard",,500,100,0,0,0,134217728,16384,"(20/16)",0,4,1.19728e+07,36023,89.6824,0.270641,1.22551e+07,36253.9,87.6165,0.259145
"Leopard",,500,100,0,0,0,134217728,16384,"(24/16)",0,4,1.86546e+07,57208,57.5595,0.176861,1.22469e+07,36651.4,87.6756,0.262419
"Leopard",,500,100,0,0,0,134217728,16384,"(36/32)",0,4,9.87423e+06,43600.7,108.744,0.479432,1.22488e+07,36200.2,87.6621,0.259246
"Leopard",,500,100,0,0,0,134217728,16384,"(40/32)",0,4,1.38856e+07,78077.7,77.3302,0.43712,1.22361e+07,37850.3,87.7527,0.271379
"Leopard",,500,100,0,0,0,134217728,32768,"(12/8)",0,4,1.63669e+07,38514.3,65.6048,0.154466,1.2326e+07,35496.3,87.1127,0.250909
"Leopard",,500,100,0,0,0,134217728,32768,"(20/16)",0,4,1.21982e+07,37992.4,88.0253,0.274745,1.2317e+07,41108.1,87.1767,0.290696
"Leopard",,500,100,0,0,0,134217728,32768,"(24/16)",0,4,1.93564e+07,61619.4,55.4728,0.176892,1.23152e+07,39114.5,87.1891,0.276774
"Leopard",,500,100,0,0,0,134217728,32768,"(36/32)",0,4,1.00075e+07,46117,107.296,0.494703,1.23027e+07,36619.5,87.2777,0.259673
"Leopard",,500,100,0,0,0,134217728,32768,"(40/32)",0,4,1.45457e+07,45309.3,73.8192,0.229125,1.22979e+07,36383.6,87.3117,0.2583
"Leopard",,500,100,0,0,0,134217728,65536,"(12/8)",0,4,1.71893e+07,60675.5,62.4664,0.22097,1.23695e+07,41370,86.8068,0.290278
"Leopard",,500,100,0,0,0,134217728,65536,"(20/16)",0,4,1.38982e+07,32228.8,77.258,0.179466,1.23502e+07,36781.2,86.9423,0.258933
"Leopard",,500,100,0,0,0,134217728,65536,"(24/16)",0,4,2.13399e+07,98683.1,50.3173,0.233572,1.23346e+07,35282.7,87.0518,0.249058
"Leopard",,500,100,0,0,0,134217728,65536,"(36/32)",0,4,1.21271e+07,22247.1,88.5412,0.162068,1.23551e+07,37909.4,86.9074,0.266482
"Leopard",,500,100,0,0,0,134217728,65536,"(40/32)",0,4,1.70924e+07,111947,62.8223,0.405155,1.23261e+07,34647.5,87.1122,0.2447
"Leopard",,500,100,0,0,0,134217728,4096,"(12/8)",0,8,6.83288e+06,31749.8,157.147,0.718983,5.8794e+06,17308.9,182.629,0.531257
"Leopard",,500,100,0,0,0,134217728,4096,"(20/16)",0,8,5.42749e+06,32636.3,197.841,1.18267,5.85396e+06,16144.8,183.423,0.50173
"Leopard",,500,100,0,0,0,134217728,4096,"(24/16)",0,8,8.04434e+06,41507.9,133.482,0.68695,5.86222e+06,12065.6,183.164,0.375457
"Leopard",,500,100,0,0,0,134217728,4096,"(36/32)",0,8,4.66617e+06,26632.3,230.12,1.2975,5.84457e+06,14879.7,183.717,0.465682
"Leopard",,500,100,0,0,0,134217728,4096,"(40/32)",0,8,6.30342e+06,30528.9,170.347,0.821157,5.83078e+06,16205.7,184.152,0.508735
"Leopard",,500,100,0,0,0,134217728,8192,"(12/8)",0,8,8.20082e+06,27919,130.933,0.444578,6.22084e+06,24923.8,172.607,0.687968
"Leopard",,500,100,0,0,0,134217728,8192,"(20/16)",0,8,6.08027e+06,25709.6,176.598,0.743238,6.22529e+06,24775.9,172.483,0.683864
"Leopard",,500,100,0,0,0,134217728,8192,"(24/16)",0,8,9.4794e+06,32422.1,113.272,0.388334,6.23846e+06,21474.7,172.118,0.592137
"Leopard",,500,100,0,0,0,134217728,8192,"(36/32)",0,8,5.05803e+06,23167.2,212.289,0.964331,6.21252e+06,23643.8,172.838,0.654214
"Leopard",,500,100,0,0,0,134217728,8192,"(40/32)",0,8,6.94512e+06,43852.5,154.61,0.96991,6.22747e+06,22763,172.423,0.62883
"Leopard",,500,100,0,0,0,134217728,16384,"(12/8)",0,8,8.32227e+06,24972.7,129.022,0.38634,6.31359e+06,24786.7,170.071,0.664989
"Leopard",,500,100,0,0,0,134217728,16384,"(20/16)",0,8,6.16115e+06,27094.9,174.279,0.759469,6.31027e+06,24779.1,170.16,0.665868
"Leopard",,500,100,0,0,0,134217728,16384,"(24/16)",0,8,9.5597e+06,34898.1,112.321,0.41005,6.31727e+06,22751.4,169.972,0.611521
"Leopard",,500,100,0,0,0,134217728,16384,"(36/32)",0,8,5.06283e+06,18896.1,212.086,0.788281,6.29915e+06,22261.5,170.46,0.60175
"Leopard",,500,100,0,0,0,134217728,16384,"(40/32)",0,8,7.0914e+06,43254.5,151.42,0.924548,6.30347e+06,21262.2,170.343,0.573727
"Leopard",,500,100,0,0,0,134217728,32768,"(12/8)",0,8,8.41848e+06,24141.3,127.547,0.365196,6.35883e+06,27868.3,168.862,0.732618
"Leopard",,500,100,0,0,0,134217728,32768,"(20/16)",0,8,6.27316e+06,26793.7,171.167,0.729963,6.34297e+06,23483.7,169.283,0.625233
"Leopard",,500,100,0,0,0,134217728,32768,"(24/16)",0,8,9.93604e+06,31975,108.067,0.348584,6.35361e+06,26309.9,169,0.695152
"Leopard",,500,100,0,0,0,134217728,32768,"(36/32)",0,8,5.12526e+06,25524.8,209.505,1.04002,6.33831e+06,23870.1,169.407,0.636099
"Leopard",,500,100,0,0,0,134217728,32768,"(40/32)",0,8,7.46995e+06,44667.2,143.747,0.851702,6.33631e+06,24632.7,169.461,0.657281
"Leopard",,500,100,0,0,0,134217728,65536,"(12/8)",0,8,8.83401e+06,40393.9,121.549,0.556159,6.38612e+06,22722.1,168.139,0.597183
"Leopard",,500,100,0,0,0,134217728,65536,"(20/16)",0,8,7.16851e+06,17321,149.787,0.362132,6.36786e+06,24393.6,168.621,0.644717
"Leopard",,500,100,0,0,0,134217728,65536,"(24/16)",0,8,1.09793e+07,35919.9,97.798,0.320905,6.34957e+06,24000.7,169.107,0.636223
"Leopard",,500,100,0,0,0,134217728,65536,"(36/32)",0,8,6.21953e+06,15624.9,172.641,0.432797,6.35918e+06,25292.8,168.852,0.669968
"Leopard",,500,100,0,0,0,134217728,65536,"(40/32)",0,8,8.92414e+06,88775.9,120.331,1.19753,6.35237e+06,22653,169.032,0.601609
"Leopard",,500,100,0,0,0,134217728,4096,"(12/8)",0,16,4.50329e+06,12245.6,238.437,0.646405,4.42963e+06,7871.84,242.401,0.430115
"Leopard",,500,100,0,0,0,134217728,4096,"(20/16)",0,16,3.18904e+06,24690.7,336.717,2.55468,4.43092e+06,13167.2,242.331,0.717699
"Leopard",,500,100,0,0,0,134217728,4096,"(24/16)",0,16,4.81265e+06,18586.5,223.111,0.859067,4.41778e+06,6910.64,243.051,0.379028
"Leopard",,500,100,0,0,0,134217728,4096,"(36/32)",0,16,2.55362e+06,18111.2,420.5,2.92043,4.37776e+06,9805.22,245.273,0.544264
"Leopard",,500,100,0,0,0,134217728,4096,"(40/32)",0,16,3.44426e+06,22547.4,311.761,2.00187,4.38974e+06,7184.46,244.603,0.398016
"Leopard",,500,100,0,0,0,134217728,8192,"(12/8)",0,16,4.42016e+06,24633.1,242.926,1.33921,3.58769e+06,19017.7,299.293,1.56943
"Leopard",,500,100,0,0,0,134217728,8192,"(20/16)",0,16,3.28861e+06,90524.2,326.664,5.91784,3.58768e+06,17665.5,299.293,1.46342
"Leopard",,500,100,0,0,0,134217728,8192,"(24/16)",0,16,5.05804e+06,23323.7,212.289,0.977521,3.61552e+06,16598.5,296.988,1.35777
"Leopard",,500,100,0,0,0,134217728,8192,"(36/32)",0,16,2.67838e+06,19795.4,400.914,2.91047,3.57594e+06,18613.4,300.277,1.55346
"Leopard",,500,100,0,0,0,134217728,8192,"(40/32)",0,16,3.71036e+06,29640.8,289.409,2.29078,3.6057e+06,18531,297.798,1.51193
"Leopard",,500,100,0,0,0,134217728,16384,"(12/8)",0,16,4.48608e+06,23216.6,239.356,1.22398,3.59855e+06,18542.4,298.39,1.5281
"Leopard",,500,100,0,0,0,134217728,16384,"(20/16)",0,16,3.33958e+06,19027.1,321.531,1.82,3.60864e+06,19668.8,297.556,1.59332
"Leopard",,500,100,0,0,0,134217728,16384,"(24/16)",0,16,5.09565e+06,19933.5,210.721,0.822244,3.6057e+06,16968.3,297.796,1.39647
"Leopard",,500,100,0,0,0,134217728,16384,"(36/32)",0,16,2.73799e+06,20376.3,392.185,2.90672,3.59145e+06,16215.5,298.977,1.34983
"Leopard",,500,100,0,0,0,134217728,16384,"(40/32)",0,16,3.80587e+06,23052.9,282.138,1.70031,3.59702e+06,19163.8,298.517,1.58321
"Leopard",,500,100,0,0,0,134217728,32768,"(12/8)",0,16,4.57919e+06,19070.7,234.487,0.970443,3.62123e+06,16875,296.519,1.37996
"Leopard",,500,100,0,0,0,134217728,32768,"(20/16)",0,16,3.3835e+06,19034.2,317.356,1.75124,3.61426e+06,17437.7,297.092,1.42549
"Leopard",,500,100,0,0,0,134217728,32768,"(24/16)",0,16,5.40355e+06,19615.5,198.713,0.722693,3.61957e+06,17489.1,296.656,1.43096
"Leopard",,500,100,0,0,0,134217728,32768,"(36/32)",0,16,2.75549e+06,19015.1,389.692,2.64909,3.60381e+06,18061.7,297.954,1.4865
"Leopard",,500,100,0,0,0,134217728,32768,"(40/32)",0,16,4.1424e+06,42069.6,259.235,2.66025,3.59889e+06,18833.4,298.362,1.54918
"Leopard",,500,100,0,0,0,134217728,65536,"(12/8)",0,16,4.85872e+06,18318.7,220.996,0.830434,3.60803e+06,18148.3,297.606,1.49499
"Leopard",,500,100,0,0,0,134217728,65536,"(20/16)",0,16,3.89285e+06,15473.9,275.828,1.07236,3.62119e+06,18446.6,296.524,1.49969
"Leopard",,500,100,0,0,0,134217728,65536,"(24/16)",0,16,6.24288e+06,43182.7,172.003,1.19308,3.58685e+06,19427.5,299.363,1.60192
"Leopard",,500,100,0,0,0,134217728,65536,"(36/32)",0,16,3.38784e+06,12375.2,316.944,1.1521,3.58555e+06,17590.3,299.471,1.4603
"Leopard",,500,100,0,0,0,134217728,65536,"(40/32)",0,16,5.07681e+06,19656.2,211.502,0.819417,3.58075e+06,17046,299.872,1.41659
"Leopard",,500,100,0,0,0,134217728,4096,"(12/8)",0,32,3.97294e+06,18373.6,270.27,1.23919,4.15853e+06,6722.82,258.203,0.416532
"Leopard",,500,100,0,0,0,134217728,4096,"(20/16)",0,32,2.67111e+06,403612,404.099,14.0982,4.13923e+06,9936.46,259.407,0.615448
"Leopard",,500,100,0,0,0,134217728,4096,"(24/16)",0,32,4.05084e+06,16937.8,265.071,1.09635,4.1657e+06,10140.7,257.759,0.62244
"Leopard",,500,100,0,0,0,134217728,4096,"(36/32)",0,32,2.00994e+06,12461.7,534.235,3.27075,4.06343e+06,10050.1,264.247,0.640966
"Leopard",,500,100,0,0,0,134217728,4096,"(40/32)",0,32,2.70919e+06,16206.7,396.347,2.32405,4.0884e+06,7875.72,262.632,0.500374
"Leopard",,500,100,0,0,0,134217728,8192,"(12/8)",0,32,3.36229e+06,21650.8,319.361,2.03615,3.30596e+06,10915.3,324.793,1.06824
"Leopard",,500,100,0,0,0,134217728,8192,"(20/16)",0,32,2.39096e+06,13744,449.099,2.54787,3.24663e+06,13098.2,330.731,1.32594
"Leopard",,500,100,0,0,0,134217728,8192,"(24/16)",0,32,3.52557e+06,26937,304.576,2.31231,3.29416e+06,13721.1,325.959,1.34441
"Leopard",,500,100,0,0,0,134217728,8192,"(36/32)",0,32,1.89365e+06,17931.7,567.069,4.95586,3.23302e+06,15900.6,332.125,1.57366
"Leopard",,500,100,0,0,0,134217728,8192,"(40/32)",0,32,2.44604e+06,18292.1,438.996,3.19627,3.27285e+06,13533.9,328.082,1.34428
"Leopard",,500,100,0,0,0,134217728,16384,"(12/8)",0,32,3.37193e+06,19298.7,318.446,1.80636,3.2756e+06,13475.2,327.806,1.33503
"Leopard",,500,100,0,0,0,134217728,16384,"(20/16)",0,32,2.40918e+06,17204.5,445.71,3.10579,3.24721e+06,17062.6,330.675,1.7059
"Leopard",,500,100,0,0,0,134217728,16384,"(24/16)",0,32,3.71747e+06,47139.3,288.883,3.68442,3.29231e+06,20121.4,326.148,1.92736
"Leopard",,500,100,0,0,0,134217728,16384,"(36/32)",0,32,1.91431e+06,14177.6,560.932,4.05652,3.2024e+06,15047.6,335.3,1.55328
"Leopard",,500,100,0,0,0,134217728,16384,"(40/32)",0,32,2.50939e+06,20132.2,427.916,3.35782,3.26132e+06,14151,329.241,1.4177
"Leopard",,500,100,0,0,0,134217728,32768,"(12/8)",0,32,3.43011e+06,22635.5,313.047,2.03798,3.28268e+06,15556.7,327.1,1.53139
"Leopard",,500,100,0,0,0,134217728,32768,"(20/16)",0,32,2.44665e+06,18796.9,438.888,3.32587,3.25746e+06,16520.9,329.634,1.62643
"Leopard",,500,100,0,0,0,134217728,32768,"(24/16)",0,32,4.27769e+06,60737.5,251.061,3.58369,3.28638e+06,13068.8,326.73,1.29125
"Leopard",,500,100,0,0,0,134217728,32768,"(36/32)",0,32,1.90917e+06,34713.5,562.598,10.1889,3.24219e+06,11852.7,331.183,1.20326
"Leopard",,500,100,0,0,0,134217728,32768,"(40/32)",0,32,2.94323e+06,23645.4,364.84,2.90009,3.24626e+06,15232.1,330.77,1.53424
"Leopard",,500,100,0,0,0,134217728,65536,"(12/8)",0,32,3.97787e+06,24052.1,269.939,1.62511,3.2652e+06,17785.8,328.854,1.73314
"Leopard",,500,100,0,0,0,134217728,65536,"(20/16)",0,32,3.05588e+06,27109.7,351.396,3.09934,3.22723e+06,14991.6,332.72,1.52824
"Leopard",,500,100,0,0,0,134217728,65536,"(24/16)",0,32,5.71935e+06,19567.8,187.741,0.642841,3.33224e+06,15152.7,322.235,1.45442
"Leopard",,500,100,0,0,0,134217728,65536,"(36/32)",0,32,2.5934e+06,13523.7,414.039,2.13076,3.16893e+06,18997.3,338.846,1.97279
"Leopard",,500,100,0,0,0,134217728,65536,"(40/32)",0,32,4.70731e+06,17230.1,228.104,0.829273,3.31892e+06,12597.7,323.526,1.21984
"ISA-L",,500,100,0,0,0,134217728,4096,"(12/8)",0,1,1.87084e+07,67761.6,57.3942,0.206984,75183.7,4023.03,14304.4,447.654
"ISA-L",,500,100,0,0,0,134217728,4096,"(20/16)",0,1,1.71623e+07,69971.4,62.5649,0.253777,82518.7,5806.78,13048.6,545.835
"ISA-L",,500,100,0,0,0,134217728,4096,"(24/16)",0,1,3.03437e+07,100007,35.3864,0.116471,67919.8,1342.23,15814.8,296.179
"ISA-L",,500,100,0,0,0,134217728,4096,"(36/32)",0,1,5.68261e+07,462941,18.8965,0.15404,58135.3,3509.67,18501.8,554.671
"ISA-L",,500,100,0,0,0,134217728,4096,"(40/32)",0,1,3.62469e+07,403794,29.6267,0.329661,63147.1,3476.83,17029.9,493.714
"ISA-L",,500,100,0,0,0,134217728,4096,"(40/32)",1,1,3.82929e+07,489604,28.0448,0.358368,8.849e+07,900966,12.1353,0.123789
"ISA-L",,500,100,0,0,0,134217728,4096,"(40/32)",2,1,3.76551e+07,485365,28.5199,0.367521,1.00682e+08,1.12447e+06,10.666,0.119384
"ISA-L",,500,100,0,0,0,134217728,4096,"(40/32)",4,1,3.74666e+07,486070,28.6635,0.372185,1.27507e+08,2.0963e+06,8.42336,0.142332
"ISA-L",,500,100,0,0,0,134217728,4096,"(40/32)",8,1,3.61812e+07,461074,29.6816,0.376911,1.17592e+08,927949,9.13166,0.0721015
"ISA-L",,500,100,0,0,0,134217728,8192,"(12/8)",0,1,1.82994e+07,72733,58.6773,0.231925,39384.6,4051.38,27356.7,959.404
"ISA-L",,500,100,0,0,0,134217728,8192,"(20/16)",0,1,1.67919e+07,58804.3,63.9449,0.223591,43669.5,4781.48,24697.9,1104.97
"ISA-L",,500,100,0,0,0,134217728,8192,"(24/16)",0,1,2.98349e+07,130943,35.9902,0.157733,35180.8,905.128,30539.3,725.386
"ISA-L",,500,100,0,0,0,134217728,8192,"(36/32)",0,1,5.90349e+07,270912,18.1886,0.0838988,29954.7,791.569,35868.5,869.829
"ISA-L",,500,100,0,0,0,134217728,8192,"(40/32)",0,1,4.26978e+07,827696,25.1569,0.48611,32751.3,732.27,32799.9,682.215
"ISA-L",,500,100,0,0,0,134217728,16384,"(12/8)",0,1,1.80528e+07,84144.7,59.4791,0.275994,20498.7,792.054,52449.8,1791.62
"ISA-L",,500,100,0,0,0,134217728,16384,"(20/16)",0,1,1.70849e+07,81186.1,62.8489,0.2971,22216.7,774.729,48385.3,1591.68
"ISA-L",,500,100,0,0,0,134217728,16384,"(24/16)",0,1,3.09953e+07,175612,34.6432,0.196306,19059,4584.1,56913.6,2819.5
"ISA-L",,500,100,0,0,0,134217728,16384,"(36/32)",0,1,5.96445e+07,181158,18.0025,0.0546218,16762.6,3398.21,64622.4,3362.51
"ISA-L",,500,100,0,0,0,134217728,16384,"(40/32)",0,1,9.48411e+07,437154,11.3217,0.0524873,17955.8,592.611,59859.7,1846.82
"ISA-L",,500,100,0,0,0,134217728,32768,"(12/8)",0,1,1.86718e+07,86010.4,57.5074,0.263825,11083.6,549.625,97077.5,4096.42
"ISA-L",,500,100,0,0,0,134217728,32768,"(20/16)",0,1,2.09336e+07,88857.2,51.2937,0.217284,11961.2,660.476,90023.6,4680.91
"ISA-L",,500,100,0,0,0,134217728,32768,"(24/16)",0,1,3.66832e+07,582679,29.2781,0.466049,10437.7,702.482,103261,5894.03
"ISA-L",,500,100,0,0,0,134217728,32768,"(36/32)",0,1,6.01649e+07,274984,17.847,0.0814322,8969.35,2066.04,121020,7225.63
"ISA-L",,500,100,0,0,0,134217728,32768,"(40/32)",0,1,1.01153e+08,253743,10.6151,0.0267101,10047.1,609.788,107213,5716.26
"ISA-L",,500,100,0,0,0,134217728,65536,"(12/8)",0,1,2.16015e+07,100789,49.7079,0.231397,6771.74,576.091,159588,12279.9
"ISA-L",,500,100,0,0,0,134217728,65536,"(20/16)",0,1,2.45373e+07,138897,43.761,0.247451,7100.61,492.243,151864,9494.13
"ISA-L",,500,100,0,0,0,134217728,65536,"(24/16)",0,1,5.33749e+07,602911,20.1195,0.22704,6320.91,533.976,170902,12537.3
"ISA-L",,500,100,0,0,0,134217728,65536,"(36/32)",0,1,5.99973e+07,276006,17.8969,0.0823753,5184.4,3175.35,213027,13200.3
"ISA-L",,500,100,0,0,0,134217728,65536,"(40/32)",0,1,1.14949e+08,1.01017e+06,9.34177,0.0824586,6254.4,438.973,172473,11485.5
"ISA-L",,500,100,0,0,0,134217728,4096,"(12/8)",0,2,1.64774e+07,40435.3,65.165,0.159489,86080.5,2248.37,12482,318.015
"ISA-L",,500,100,0,0,0,134217728,4096,"(20/16)",0,2,4.61786e+07,930557,23.2623,0.519399,85166.4,2021.24,12614.7,300.106
"ISA-L",,500,100,0,0,0,134217728,4096,"(24/16)",0,2,2.98697e+07,246175,35.95,0.295796,78928.9,5907.73,13645.1,574.928
"ISA-L",,500,100,0,0,0,134217728,4096,"(36/32)",0,2,5.02949e+07,123369,21.349,0.0522892,62636,3589.25,17171.4,527.895
"ISA-L",,500,100,0,0,0,134217728,4096,"(40/32)",0,2,6.83159e+07,199374,15.7174,0.0458167,68616.9,3912.84,15674.7,486.172
"ISA-L",,500,100,0,0,0,134217728,8192,"(12/8)",0,2,1.63173e+07,54997.9,65.8045,0.22153,44857,1520.83,23962,741.661
"ISA-L",,500,100,0,0,0,134217728,8192,"(20/16)",0,2,4.64878e+07,266183,23.0981,0.13513,44060.7,3487.93,24437.4,933.967
"ISA-L",,500,100,0,0,0,134217728,8192,"(24/16)",0,2,3.12475e+07,349154,34.3668,0.382385,40401.2,1189.87,26598.5,730.814
"ISA-L",,500,100,0,0,0,134217728,8192,"(36/32)",0,2,5.09056e+07,131379,21.0929,0.0543407,32852.1,993.148,32711.5,908.958
"ISA-L",,500,100,0,0,0,134217728,8192,"(40/32)",0,2,7.79373e+07,106001,13.777,0.0187257,36014.1,779.713,29827.4,601.585
"ISA-L",,500,100,0,0,0,134217728,16384,"(12/8)",0,2,1.63578e+07,67601.3,65.642,0.270784,23879.8,617.598,44992.3,1088.68
"ISA-L",,500,100,0,0,0,134217728,16384,"(20/16)",0,2,4.90404e+07,282894,21.8958,0.129068,23318.1,823.713,46102.5,1570.93
"ISA-L",,500,100,0,0,0,134217728,16384,"(24/16)",0,2,6.80083e+07,965570,15.7916,0.223636,22660.9,1466.49,47514.8,2143.65
"ISA-L",,500,100,0,0,0,134217728,16384,"(36/32)",0,2,5.46487e+07,112772,19.6481,0.0405077,18017.5,835.285,59695.3,2223.5
"ISA-L",,500,100,0,0,0,134217728,16384,"(40/32)",0,2,9.06784e+07,833233,11.8422,0.10792,19845.2,691.895,54164.9,1710.03
"ISA-L",,500,100,0,0,0,134217728,32768,"(12/8)",0,2,1.92235e+07,276917,55.8673,0.811539,13706.6,588.705,78466.3,3035.64
"ISA-L",,500,100,0,0,0,134217728,32768,"(20/16)",0,2,5.16565e+07,219940,20.7866,0.0884711,13400.7,729.853,80333.2,3856.72
"ISA-L",,500,100,0,0,0,134217728,32768,"(24/16)",0,2,9.11737e+07,308493,11.777,0.0398633,12828.8,760.325,83966.2,4579.28
"ISA-L",,500,100,0,0,0,134217728,32768,"(36/32)",0,2,5.38158e+07,118776,19.9523,0.0439789,10411.2,3248.68,104719,6782.28
"ISA-L",,500,100,0,0,0,134217728,32768,"(40/32)",0,2,1.01996e+08,354238,10.5274,0.0369617,11760.3,690.326,91586.1,4901.48
"ISA-L",,500,100,0,0,0,134217728,65536,"(12/8)",0,2,2.039e+07,83234,52.6611,0.214762,8657.77,775.462,124781,8720.35
"ISA-L",,500,100,0,0,0,134217728,65536,"(20/16)",0,2,5.2451e+07,105067,20.4714,0.041053,7903.13,589.058,136451,8091.26
"ISA-L",,500,100,0,0,0,134217728,65536,"(24/16)",0,2,9.77365e+07,2.65541e+06,10.9942,0.298992,7938.45,639.457,135967,9027.8
"ISA-L",,500,100,0,0,0,134217728,65536,"(36/32)",0,2,5.28719e+07,98909.6,20.3084,0.0379432,6043.05,319.144,178104,8225.18
"ISA-L",,500,100,0,0,0,134217728,65536,"(40/32)",0,2,1.0099e+08,418050,10.6324,0.0439871,7437.24,599.638,145217,10647.5
"ISA-L",,500,100,0,0,0,134217728,4096,"(12/8)",0,4,8.61416e+06,32351.8,124.65,0.46593,46446.4,4154.78,23197.8,990.922
"ISA-L",,500,100,0,0,0,134217728,4096,"(20/16)",0,4,2.67457e+07,527479,40.1628,0.838628,44839.5,3669.61,24022.8,1035.59
"ISA-L",,500,100,0,0,0,134217728,4096,"(24/16)",0,4,1.54819e+07,216134,69.3682,0.96448,41401.7,1762.28,25977.8,1015.41
"ISA-L",,500,100,0,0,0,134217728,4096,"(36/32)",0,4,2.68219e+07,56468.5,40.0324,0.0840569,33030,1130.73,32540.9,964.19
"ISA-L",,500,100,0,0,0,134217728,4096,"(40/32)",0,4,3.79611e+07,75314.3,28.2854,0.056065,35874.9,1030.19,29952.6,786.005
"ISA-L",,500,100,0,0,0,134217728,8192,"(12/8)",0,4,8.5281e+06,34560.6,125.908,0.509232,24209,973.152,44416.9,1600.13
"ISA-L",,500,100,0,0,0,134217728,8192,"(20/16)",0,4,2.6748e+07,353616,40.1501,0.551351,23935.8,3454.6,45166.7,2527.41
"ISA-L",,500,100,0,0,0,134217728,8192,"(24/16)",0,4,1.61529e+07,242091,66.4883,0.990639,22554.4,1220.76,47716.4,2056.41
"ISA-L",,500,100,0,0,0,134217728,8192,"(36/32)",0,4,2.71984e+07,58123.8,39.4784,0.084145,18470.4,1339.75,58367.2,3260.86
"ISA-L",,500,100,0,0,0,134217728,8192,"(40/32)",0,4,4.35049e+07,72533.9,24.681,0.0411343,24408.4,4750.45,45540.2,7991.97
"ISA-L",,500,100,0,0,0,134217728,16384,"(12/8)",0,4,8.55387e+06,47397.4,125.531,0.692972,13665.5,535.88,78684,2857.34
"ISA-L",,500,100,0,0,0,134217728,16384,"(20/16)",0,4,2.82079e+07,221735,38.0676,0.303261,13187.3,550.498,81546.7,3022.48
"ISA-L",,500,100,0,0,0,134217728,16384,"(24/16)",0,4,3.52699e+07,637778,30.4535,0.550157,13666.5,12744.3,81973.4,4826.97
"ISA-L",,500,100,0,0,0,134217728,16384,"(36/32)",0,4,2.9138e+07,62706.1,36.8504,0.0791017,10606.3,717.602,101547,4701.14
"ISA-L",,500,100,0,0,0,134217728,16384,"(40/32)",0,4,5.13897e+07,189434,20.8944,0.0780217,19741.3,4159.59,58136.9,17884
"ISA-L",,500,100,0,0,0,134217728,32768,"(12/8)",0,4,1.05398e+07,215246,101.918,2.12229,9877.33,4750.09,112144,10780.9
"ISA-L",,500,100,0,0,0,134217728,32768,"(20/16)",0,4,2.91483e+07,154536,36.8383,0.196808,8609.59,4896.49,128089,8361.51
"ISA-L",,500,100,0,0,0,134217728,32768,"(24/16)",0,4,5.02044e+07,193270,21.3877,0.0824911,8638.09,465.081,124649,6469.32
"ISA-L",,500,100,0,0,0,134217728,32768,"(36/32)",0,4,2.85441e+07,57995.5,37.617,0.0762743,6600.05,1233.94,165775,17200.7
"ISA-L",,500,100,0,0,0,134217728,32768,"(40/32)",0,4,5.66591e+07,64062.1,18.9509,0.0215449,8102,515.311,132997,7476.21
"ISA-L",,500,100,0,0,0,134217728,65536,"(12/8)",0,4,1.09611e+07,90180.9,97.9657,0.806452,7145.29,924.86,151717,11963.9
"ISA-L",,500,100,0,0,0,134217728,65536,"(20/16)",0,4,2.88303e+07,89125.6,37.2439,0.115809,5820.01,648.391,185918,13904.1
"ISA-L",,500,100,0,0,0,134217728,65536,"(24/16)",0,4,5.30867e+07,462941,20.2277,0.173211,6630.62,1151.96,163755,13322.8
"ISA-L",,500,100,0,0,0,134217728,65536,"(36/32)",0,4,2.81569e+07,67304.6,38.1344,0.09092,4735.73,869.706,230265,21600.7
"ISA-L",,500,100,0,0,0,134217728,65536,"(40/32)",0,4,5.65506e+07,319431,18.9879,0.107108,6132.01,439.133,175964,12110.6
"ISA-L",,500,100,0,0,0,134217728,4096,"(12/8)",0,8,4.65385e+06,23976.2,230.727,1.17945,25903,2948.85,41731.1,2697.19
"ISA-L",,500,100,0,0,0,134217728,4096,"(20/16)",0,8,1.56704e+07,66416.6,68.5216,0.29565,25037.2,1463.51,43002.9,2025.15
"ISA-L",,500,100,0,0,0,134217728,4096,"(24/16)",0,8,8.37124e+06,146834,128.305,2.24526,23835,4334.85,45580.3,3285.89
"ISA-L",,500,100,0,0,0,134217728,4096,"(36/32)",0,8,1.51768e+07,26302.8,70.7489,0.122549,19355,1229.48,55643.9,2668.12
"ISA-L",,500,100,0,0,0,134217728,4096,"(40/32)",0,8,2.1262e+07,29627.9,50.5005,0.0703116,21090,3416.48,51262.7,2485.85
"ISA-L",,500,100,0,0,0,134217728,8192,"(12/8)",0,8,4.60184e+06,27443.2,233.337,1.3861,15082.8,1328.42,71601.7,4730.52
"ISA-L",,500,100,0,0,0,134217728,8192,"(20/16)",0,8,1.58366e+07,30249,67.8017,0.129803,23706.8,4845.96,46267.7,7304.7
"ISA-L",,500,100,0,0,0,134217728,8192,"(24/16)",0,8,8.66696e+06,222649,123.968,3.08331,14152,4165.31,77371.2,6846.99
"ISA-L",,500,100,0,0,0,134217728,8192,"(36/32)",0,8,1.51342e+07,21653.2,70.948,0.101434,20833,2331.67,52367.3,8305.44
"ISA-L",,500,100,0,0,0,134217728,8192,"(40/32)",0,8,2.2506e+07,41326.1,47.7093,0.0875806,16902.4,5827.61,68524.3,16522.8
"ISA-L",,500,100,0,0,0,134217728,16384,"(12/8)",0,8,4.69813e+06,40150.6,228.563,1.95224,10307.9,1718.61,105992,11109.1
"ISA-L",,500,100,0,0,0,134217728,16384,"(20/16)",0,8,1.60693e+07,40962.4,66.8199,0.173524,8451.07,1097.48,128191,9263.25
"ISA-L",,500,100,0,0,0,134217728,16384,"(24/16)",0,8,1.82817e+07,524228,58.7802,1.64404,10299.8,2487.18,107956,15731.5
"ISA-L",,500,100,0,0,0,134217728,16384,"(36/32)",0,8,1.59783e+07,18018.8,67.1999,0.0756718,7453.53,766.934,145017,10020.2
"ISA-L",,500,100,0,0,0,134217728,16384,"(40/32)",0,8,2.56589e+07,72060.3,41.8471,0.116198,12476.1,8121.36,102121,34200.9
"ISA-L",,500,100,0,0,0,134217728,32768,"(12/8)",0,8,5.50245e+06,91762.7,195.194,3.30559,7908.69,940.912,136806,9503.76
"ISA-L",,500,100,0,0,0,134217728,32768,"(20/16)",0,8,1.60945e+07,15166.7,66.715,0.062701,6684.54,992.119,162564,14208
"ISA-L",,500,100,0,0,0,134217728,32768,"(24/16)",0,8,2.552e+07,113011,42.0753,0.186488,7711.09,4730.43,145066,16400.8
"ISA-L",,500,100,0,0,0,134217728,32768,"(36/32)",0,8,1.59085e+07,27304.8,67.4952,0.115684,5800.3,5233.36,197979,20694.8
"ISA-L",,500,100,0,0,0,134217728,32768,"(40/32)",0,8,2.87741e+07,35023.6,37.3163,0.0453818,7076.99,4674.88,156908,12910.8
"ISA-L",,500,100,0,0,0,134217728,65536,"(12/8)",0,8,5.73531e+06,59370.7,187.236,1.92769,6767.33,4812.9,164533,13384.3
"ISA-L",,500,100,0,0,0,134217728,65536,"(20/16)",0,8,1.60448e+07,18807.3,66.9214,0.0784417,5278.39,419.215,204636,15478.8
"ISA-L",,500,100,0,0,0,134217728,65536,"(24/16)",0,8,2.82668e+07,118963,37.9866,0.159377,6402.51,4208.62,173760,16503.6
"ISA-L",,500,100,0,0,0,134217728,65536,"(36/32)",0,8,1.57664e+07,33315,68.1035,0.143763,4612.7,2398.74,240776,22566.4
"ISA-L",,500,100,0,0,0,134217728,65536,"(40/32)",0,8,2.92619e+07,145319,36.6951,0.182302,5836.34,839.315,186180,16445.8
"ISA-L",,500,100,0,0,0,134217728,4096,"(12/8)",0,16,3.16027e+06,12975.6,339.768,1.38438,16143,1489.37,66937.8,4660.11
"ISA-L",,500,100,0,0,0,134217728,4096,"(20/16)",0,16,8.08751e+06,20833,132.766,0.342324,15691.5,2808.78,68964,3553.91
"ISA-L",,500,100,0,0,0,134217728,4096,"(24/16)",0,16,4.63736e+06,250325,232.159,11.5019,15330,1861.31,70787.8,6261.96
"ISA-L",,500,100,0,0,0,134217728,4096,"(36/32)",0,16,7.90782e+06,23904.4,135.783,0.410092,12909.9,1452.01,83846.9,6092.17
"ISA-L",,500,100,0,0,0,134217728,4096,"(40/32)",0,16,1.08545e+07,20553.7,98.9216,0.187183,13714.9,683.791,78441.7,3123.59
"ISA-L",,500,100,0,0,0,134217728,8192,"(12/8)",0,16,3.11852e+06,9727.55,344.314,1.06877,10958.4,1081.17,98671.4,7156.71
"ISA-L",,500,100,0,0,0,134217728,8192,"(20/16)",0,16,8.07157e+06,15039,133.028,0.246954,16182.3,6122.19,74357.7,24791.7
"ISA-L",,500,100,0,0,0,134217728,8192,"(24/16)",0,16,4.90289e+06,187765,219.312,8.13555,10998,2105.47,99862,11960.3
"ISA-L",,500,100,0,0,0,134217728,8192,"(36/32)",0,16,7.88696e+06,15446.8,136.142,0.266081,9861.66,3446.02,115224,19757.7
"ISA-L",,500,100,0,0,0,134217728,8192,"(40/32)",0,16,1.16923e+07,31608.4,91.8342,0.247941,13378.3,4372.11,87392,22019
"ISA-L",,500,100,0,0,0,134217728,16384,"(12/8)",0,16,3.15131e+06,9124.3,340.732,0.984962,8441.71,955.585,128400,10962.8
"ISA-L",,500,100,0,0,0,134217728,16384,"(20/16)",0,16,8.11082e+06,13767.6,132.384,0.22292,8288.38,6678.22,138322,14351.3
"ISA-L",,500,100,0,0,0,134217728,16384,"(24/16)",0,16,9.93681e+06,544009,108.365,5.65578,9958.73,4296.82,116738,24065.2
"ISA-L",,500,100,0,0,0,134217728,16384,"(36/32)",0,16,8.197e+06,18403.5,130.993,0.293383,7723.16,2351.72,145768,22754.6
"ISA-L",,500,100,0,0,0,134217728,16384,"(40/32)",0,16,1.31407e+07,29174.6,81.7117,0.180521,9988.18,5785.71,118538,25735.9
"ISA-L",,500,100,0,0,0,134217728,32768,"(12/8)",0,16,3.45688e+06,20077.3,310.62,1.79776,8020.31,1095.42,135528,12631.9
"ISA-L",,500,100,0,0,0,134217728,32768,"(20/16)",0,16,8.15117e+06,12933.8,131.729,0.20892,6687.21,642.67,161649,11818.7
"ISA-L",,500,100,0,0,0,134217728,32768,"(24/16)",0,16,1.31765e+07,61556.2,81.491,0.379872,7680.72,1145.72,141643,13350
"ISA-L",,500,100,0,0,0,134217728,32768,"(36/32)",0,16,8.27128e+06,18962.1,129.816,0.296649,5854.47,864.699,185482,15558.8
"ISA-L",,500,100,0,0,0,134217728,32768,"(40/32)",0,16,1.49424e+07,27436.9,71.8587,0.13191,7342.83,916.802,147859,13572.8
"ISA-L",,500,100,0,0,0,134217728,65536,"(12/8)",0,16,3.69434e+06,32197.4,290.667,2.52501,7780.59,1084.29,139754,13371.9
"ISA-L",,500,100,0,0,0,134217728,65536,"(20/16)",0,16,8.12601e+06,16279.9,132.137,0.264477,6194.51,927.45,175595,16222
"ISA-L",,500,100,0,0,0,134217728,65536,"(24/16)",0,16,1.48231e+07,78771.1,72.4392,0.383473,7259.64,1011.93,149849,14962.7
"ISA-L",,500,100,0,0,0,134217728,65536,"(36/32)",0,16,8.11096e+06,24414.9,132.383,0.398038,5327.88,1176.48,205942,22166.9
"ISA-L",,500,100,0,0,0,134217728,65536,"(40/32)",0,16,1.549e+07,57848.4,69.3192,0.259202,6697.28,984.153,162675,16931.1
"ISA-L",,500,100,0,0,0,134217728,4096,"(12/8)",0,32,2.89395e+06,14059.4,371.038,1.77271,14538.8,3845.88,75800.6,8768.84
"ISA-L",,500,100,0,0,0,134217728,4096,"(20/16)",0,32,4.40934e+06,65819.4,243.569,3.61079,13696.4,4695.36,80264.5,7864.61
"ISA-L",,500,100,0,0,0,134217728,4096,"(24/16)",0,32,3.90994e+06,224496,275.516,15.6989,13665.7,3338.27,80617.9,9952.96
"ISA-L",,500,100,0,0,0,134217728,4096,"(36/32)",0,32,4.28979e+06,14586.3,250.305,0.849117,11999.9,3644.7,92043.3,10902.3
"ISA-L",,500,100,0,0,0,134217728,4096,"(40/32)",0,32,5.81645e+06,24367.4,184.607,0.769469,12786.5,5258.5,86539.9,7310.52
"ISA-L",,500,100,0,0,0,134217728,8192,"(12/8)",0,32,2.8348e+06,11997.6,378.778,1.59633,12438.6,5925.46,89205,8201.24
"ISA-L",,500,100,0,0,0,134217728,8192,"(20/16)",0,32,4.34595e+06,24101.4,247.075,1.36675,10776.4,5392.1,104070,12396
"ISA-L",,500,100,0,0,0,134217728,8192,"(24/16)",0,32,3.77242e+06,171777,285.2,12.583,12126,3632.86,93080.6,16493.9
"ISA-L",,500,100,0,0,0,134217728,8192,"(36/32)",0,32,4.28895e+06,13811.1,250.353,0.803982,9814.82,3633.03,111808,9458.07
"ISA-L",,500,100,0,0,0,134217728,8192,"(40/32)",0,32,6.30473e+06,25724.8,170.31,0.693852,11716.5,5824.47,95010.9,9372.68
"ISA-L",,500,100,0,0,0,134217728,16384,"(12/8)",0,32,2.83168e+06,16818.1,379.202,2.20339,10615.2,2849.52,103118,9709.55
"ISA-L",,500,100,0,0,0,134217728,16384,"(20/16)",0,32,4.27766e+06,15734.1,251.015,0.923814,9167.01,2564.17,119826,12476.3
"ISA-L",,500,100,0,0,0,134217728,16384,"(24/16)",0,32,5.91288e+06,207515,181.823,6.55813,12738.8,5223.69,92728.5,23434.1
"ISA-L",,500,100,0,0,0,134217728,16384,"(36/32)",0,32,4.24515e+06,14740.4,252.937,0.873557,9031.93,4160.63,122955,12345.8
"ISA-L",,500,100,0,0,0,134217728,16384,"(40/32)",0,32,6.88188e+06,21127.4,156.026,0.477905,10537.8,2152.16,104260,12235.7
"ISA-L",,500,100,0,0,0,134217728,32768,"(12/8)",0,32,3.09624e+06,25723.2,346.813,2.88828,10365.7,3960.77,106482,10070.9
"ISA-L",,500,100,0,0,0,134217728,32768,"(20/16)",0,32,4.33035e+06,17720.1,247.962,1.01567,8579.11,1132.77,126619,11458.8
"ISA-L",,500,100,0,0,0,134217728,32768,"(24/16)",0,32,7.14865e+06,51527.3,150.21,1.08271,10669.8,7051.73,108027,16041.3
"ISA-L",,500,100,0,0,0,134217728,32768,"(36/32)",0,32,4.39549e+06,17591.7,244.287,0.974582,8392.48,4243.09,132294,13270.2
"ISA-L",,500,100,0,0,0,134217728,32768,"(40/32)",0,32,7.97612e+06,18820.3,134.62,0.31735,10183.1,4994.42,111022,16910.9
"ISA-L",,500,100,0,0,0,134217728,65536,"(12/8)",0,32,3.26091e+06,19671.1,329.288,1.97051,10069.9,3483.83,108952,9868.7
"ISA-L",,500,100,0,0,0,134217728,65536,"(20/16)",0,32,4.32706e+06,15766.6,248.149,0.903387,8225.76,778.652,131507,10563.3
"ISA-L",,500,100,0,0,0,134217728,65536,"(24/16)",0,32,8.00216e+06,35731.7,134.184,0.59915,9951.22,5302.7,112727,13410.6
"ISA-L",,500,100,0,0,0,134217728,65536,"(36/32)",0,32,4.30195e+06,18636.5,249.599,1.08013,8149.12,3906.72,135756,13768.7
"ISA-L",,500,100,0,0,0,134217728,65536,"(40/32)",0,32,8.1723e+06,27592.1,131.389,0.442889,9172.7,4705.51,120993,12311.7
"CM256",,500,100,0,0,0,134217728,4096,"(12/8)",0,1,3.15758e+07,103715,34.0056,0.11141,481208,6778.39,2231.74,28.2859
"CM256",,500,100,0,0,0,134217728,4096,"(20/16)",0,1,2.85288e+07,232042,37.6395,0.306208,311399,7236.33,3449.77,71.3631
"CM256",,500,100,0,0,0,134217728,4096,"(24/16)",0,1,5.29886e+07,155017,20.2638,0.0594419,441293,7539.82,2433.81,37.5957
"CM256",,500,100,0,0,0,134217728,4096,"(36/32)",0,1,2.74527e+07,299101,39.117,0.423015,287762,7561.88,3733.48,81.7952
"CM256",,500,100,0,0,0,134217728,4096,"(40/32)",0,1,4.9935e+07,475138,21.5047,0.207057,286413,12027.7,3753.36,108.294
"CM256",,500,100,0,0,0,134217728,4096,"(40/32)",1,1,4.99883e+07,415323,21.4814,0.181013,9.25836e+06,3.46177e+06,277.787,648.807
"CM256",,500,100,0,0,0,134217728,4096,"(40/32)",2,1,5.00828e+07,353149,21.4404,0.153631,1.47194e+07,2.63231e+06,79.0039,64.821
"CM256",,500,100,0,0,0,134217728,4096,"(40/32)",4,1,5.01693e+07,155701,21.4026,0.0670547,2.26492e+07,1.86363e+06,47.7487,4.18792
"CM256",,500,100,0,0,0,134217728,4096,"(40/32)",8,1,4.97823e+07,563636,21.5715,0.245541,3.90774e+07,2.05209e+06,27.5543,1.47268
"CM256",,500,100,0,0,0,134217728,8192,"(12/8)",0,1,3.1524e+07,95882.7,34.0614,0.103382,257185,4305.34,4175.95,58.4803
"CM256",,500,100,0,0,0,134217728,8192,"(20/16)",0,1,2.89835e+07,97128.7,37.0471,0.124196,208964,4207.23,5140.15,87.1547
"CM256",,500,100,0,0,0,134217728,8192,"(24/16)",0,1,5.2637e+07,531358,20.4011,0.207258,144134,4937.67,7456.49,204.843
"CM256",,500,100,0,0,0,134217728,8192,"(36/32)",0,1,2.79128e+07,318974,38.4727,0.437688,130765,5079.8,8220.38,240.365
"CM256",,500,100,0,0,0,134217728,8192,"(40/32)",0,1,5.03677e+07,207604,21.3184,0.0892409,132231,4146.09,8126.68,210.75
"CM256",,500,100,0,0,0,134217728,16384,"(12/8)",0,1,3.07307e+07,324369,34.9442,0.366893,122636,11422.9,8787.19,360.015
"CM256",,500,100,0,0,0,134217728,16384,"(20/16)",0,1,2.83237e+07,284203,37.9135,0.381754,90660.8,4679.91,11863.8,414.944
"CM256",,500,100,0,0,0,134217728,16384,"(24/16)",0,1,5.1673e+07,576959,20.7822,0.234637,65795.1,2747.88,16342.6,569.579
"CM256",,500,100,0,0,0,134217728,16384,"(36/32)",0,1,3.04526e+07,214426,35.2612,0.249475,78779.1,3851.91,13647.7,382.781
"CM256",,500,100,0,0,0,134217728,16384,"(40/32)",0,1,5.28822e+07,377342,20.3054,0.146639,64887.9,1883.84,16561.4,474.675
"CM256",,500,100,0,0,0,134217728,32768,"(12/8)",0,1,3.24261e+07,192673,33.1147,0.196151,54276.3,1706.04,19801.9,606.185
"CM256",,500,100,0,0,0,134217728,32768,"(20/16)",0,1,3.21918e+07,189142,33.3557,0.196004,41639.6,4034.19,25904.7,1388.51
"CM256",,500,100,0,0,0,134217728,32768,"(24/16)",0,1,5.51015e+07,316510,19.4873,0.113223,31768.3,3127.15,33949.2,1740.4
"CM256",,500,100,0,0,0,134217728,32768,"(36/32)",0,1,3.32543e+07,196021,32.2899,0.190437,40822.3,4891.94,26440.8,1270.95
"CM256",,500,100,0,0,0,134217728,32768,"(40/32)",0,1,5.94531e+07,424989,18.0612,0.129543,40482.9,1102.36,26542.2,693.441
"CM256",,500,100,0,0,0,134217728,65536,"(12/8)",0,1,3.22382e+07,177044,33.3075,0.182742,20515.5,1472.36,52593.5,3578.77
"CM256",,500,100,0,0,0,134217728,65536,"(20/16)",0,1,3.50018e+07,164708,30.6774,0.144433,29997.6,4682.26,36016.2,1619.59
"CM256",,500,100,0,0,0,134217728,65536,"(24/16)",0,1,6.31367e+07,389512,17.0073,0.104527,22117.2,717.968,48598.4,1563.59
"CM256",,500,100,0,0,0,134217728,65536,"(36/32)",0,1,3.71306e+07,150142,28.9185,0.116937,21297.5,835.344,50488.2,1842.89
"CM256",,500,100,0,0,0,134217728,65536,"(40/32)",0,1,6.44285e+07,296695,16.666,0.0769177,21340.7,805.601,50381.9,1803.4
"CM256",,500,100,0,0,0,134217728,4096,"(12/8)",0,2,2.47019e+07,78813.7,43.4684,0.138205,285961,5410.65,3755.99,59.9504
"CM256",,500,100,0,0,0,134217728,4096,"(20/16)",0,2,2.28783e+07,208137,46.9367,0.427321,280273,5177.76,3832.25,64.7393
"CM256",,500,100,0,0,0,134217728,4096,"(24/16)",0,2,4.25286e+07,126954,25.2477,0.0752465,280184,10810,3836.18,104.19
"CM256",,500,100,0,0,0,134217728,4096,"(36/32)",0,2,2.17857e+07,297915,49.2956,0.668309,223168,5661.09,4814,106.001
"CM256",,500,100,0,0,0,134217728,4096,"(40/32)",0,2,4.09405e+07,452818,26.2301,0.288987,227115,7146.66,4731.82,131.411
"CM256",,500,100,0,0,0,134217728,8192,"(12/8)",0,2,2.50254e+07,134501,42.9073,0.230286,154659,3201.62,6945.59,143.728
"CM256",,500,100,0,0,0,134217728,8192,"(20/16)",0,2,2.37913e+07,268592,45.1376,0.516094,140372,5477.55,7657.74,221.982
"CM256",,500,100,0,0,0,134217728,8192,"(24/16)",0,2,4.24737e+07,254720,25.2811,0.151134,118093,2581.36,9096.64,197.642
"CM256",,500,100,0,0,0,134217728,8192,"(36/32)",0,2,2.45498e+07,1.02588e+06,43.8163,1.89597,111688,2567.52,9618.74,218.217
"CM256",,500,100,0,0,0,134217728,8192,"(40/32)",0,2,4.43275e+07,884375,24.2329,0.498221,113477,5828.27,9480.63,369.828
"CM256",,500,100,0,0,0,134217728,16384,"(12/8)",0,2,2.73708e+07,174028,39.2311,0.251553,79183.8,2421.03,13572.3,399.218
"CM256",,500,100,0,0,0,134217728,16384,"(20/16)",0,2,2.68753e+07,477361,39.9659,0.741686,72232.3,2821.18,14882.1,447.45
"CM256",,500,100,0,0,0,134217728,16384,"(24/16)",0,2,4.73692e+07,266627,22.6682,0.129086,58820.8,1800.84,18271.3,551.327
"CM256",,500,100,0,0,0,134217728,16384,"(36/32)",0,2,2.88602e+07,115118,37.2055,0.149432,56971.2,2192.84,18874.2,707.787
"CM256",,500,100,0,0,0,134217728,16384,"(40/32)",0,2,5.07338e+07,399929,21.1656,0.167347,58276.5,5293.77,18496.8,896.225
"CM256",,500,100,0,0,0,134217728,32768,"(12/8)",0,2,2.82351e+07,161961,38.0298,0.221209,40315.2,1533.67,26671.2,990.735
"CM256",,500,100,0,0,0,134217728,32768,"(20/16)",0,2,3.06902e+07,240207,34.9886,0.278648,38546.5,4677.39,28002.5,1412.88
"CM256",,500,100,0,0,0,134217728,32768,"(24/16)",0,2,5.50582e+07,496364,19.5035,0.176415,31955,1167.36,33643.8,1160.06
"CM256",,500,100,0,0,0,134217728,32768,"(36/32)",0,2,3.28524e+07,377023,32.6882,0.380315,30322.7,1281.1,35472,1460.61
"CM256",,500,100,0,0,0,134217728,32768,"(40/32)",0,2,5.83467e+07,829328,18.4065,0.26278,30206.4,6207.9,35952.3,2230.35
"CM256",,500,100,0,0,0,134217728,65536,"(12/8)",0,2,3.398e+07,168174,31.6,0.157793,22718.9,862.764,47324.2,1646.88
"CM256",,500,100,0,0,0,134217728,65536,"(20/16)",0,2,3.39446e+07,445259,31.6377,0.41958,20237.5,1008.54,53175.3,2394.84
"CM256",,500,100,0,0,0,134217728,65536,"(24/16)",0,2,6.05735e+07,607768,17.7281,0.178481,17460.6,1568.65,61778.3,3474.58
"CM256",,500,100,0,0,0,134217728,65536,"(36/32)",0,2,3.42197e+07,301536,31.3803,0.280587,16449.2,1070.96,65520.2,3799.4
"CM256",,500,100,0,0,0,134217728,65536,"(40/32)",0,2,5.9536e+07,459434,18.0362,0.140604,17211.7,947.665,62566.1,3319.84
"CM256",,500,100,0,0,0,134217728,4096,"(12/8)",0,4,1.27578e+07,54816.5,84.1649,0.360308,159745,4801.97,6725.89,145.922
"CM256",,500,100,0,0,0,134217728,4096,"(20/16)",0,4,1.1846e+07,156909,90.6574,1.19849,150882,11357,7138.41,303.579
"CM256",,500,100,0,0,0,134217728,4096,"(24/16)",0,4,2.16166e+07,100292,49.673,0.229417,153708,6450.79,6996.66,268.477
"CM256",,500,100,0,0,0,134217728,4096,"(36/32)",0,4,1.12912e+07,285788,95.1556,2.37842,116165,5406.59,9255.2,269.34
"CM256",,500,100,0,0,0,134217728,4096,"(40/32)",0,4,2.0986e+07,358637,51.1796,0.871225,119098,2189.9,9018.65,164.329
"CM256",,500,100,0,0,0,134217728,8192,"(12/8)",0,4,1.30804e+07,117576,82.0942,0.735318,90654.1,6063.61,11874.8,477.199
"CM256",,500,100,0,0,0,134217728,8192,"(20/16)",0,4,1.26393e+07,208942,84.9767,1.45022,76923.3,1705.58,13965.3,304.046
"CM256",,500,100,0,0,0,134217728,8192,"(24/16)",0,4,2.17999e+07,300682,49.2638,0.675803,64941.8,3671.46,16565.1,582.953
"CM256",,500,100,0,0,0,134217728,8192,"(36/32)",0,4,1.29206e+07,459882,83.2144,3.13209,58423.7,5121.95,18438.1,751.46
"CM256",,500,100,0,0,0,134217728,8192,"(40/32)",0,4,2.27369e+07,378254,47.238,0.811044,59562.3,1771.3,18042.8,526.866
"CM256",,500,100,0,0,0,134217728,16384,"(12/8)",0,4,1.43254e+07,133837,74.9604,0.711749,45823.4,4427.77,23517.9,992.642
"CM256",,500,100,0,0,0,134217728,16384,"(20/16)",0,4,1.3869e+07,184166,77.4346,1.06772,39924.2,4092.46,27005.7,1225.11
"CM256",,500,100,0,0,0,134217728,16384,"(24/16)",0,4,2.42247e+07,161409,44.3262,0.300552,32417.7,1043.05,33155.2,1032.66
"CM256",,500,100,0,0,0,134217728,16384,"(36/32)",0,4,1.46344e+07,40297.6,73.3716,0.201904,33184.1,5293.08,32604,1912
"CM256",,500,100,0,0,0,134217728,16384,"(40/32)",0,4,2.58417e+07,74408.1,41.5511,0.119792,32327.5,1901.58,33303.5,1579.09
"CM256",,500,100,0,0,0,134217728,32768,"(12/8)",0,4,1.4675e+07,187659,73.1785,0.830051,23321.6,851.041,46099.2,1612.71
"CM256",,500,100,0,0,0,134217728,32768,"(20/16)",0,4,1.55472e+07,53615.8,69.0642,0.238507,21838.3,1180.29,49297.9,2429.28
"CM256",,500,100,0,0,0,134217728,32768,"(24/16)",0,4,2.79861e+07,117088,38.3677,0.160591,19203.4,1197.11,56117.6,3294.22
"CM256",,500,100,0,0,0,134217728,32768,"(36/32)",0,4,1.66045e+07,136288,64.6701,0.530578,17688.8,1107.37,60915.9,3471.13
"CM256",,500,100,0,0,0,134217728,32768,"(40/32)",0,4,2.95402e+07,224579,36.3506,0.277272,18717,1066.41,57548.7,3206.34
"CM256",,500,100,0,0,0,134217728,65536,"(12/8)",0,4,1.72309e+07,69129.1,62.3157,0.250112,14248.7,1100.36,75722.3,4835.29
"CM256",,500,100,0,0,0,134217728,65536,"(20/16)",0,4,1.73324e+07,161935,61.9553,0.578522,13297.4,5180.19,82417.2,6484.19
"CM256",,500,100,0,0,0,134217728,65536,"(24/16)",0,4,3.06126e+07,191351,35.0765,0.219492,11033.4,1082.44,98185.2,8980.93
"CM256",,500,100,0,0,0,134217728,65536,"(36/32)",0,4,1.77469e+07,160855,60.5082,0.553791,11072.1,1124.68,97938.3,9613.97
"CM256",,500,100,0,0,0,134217728,65536,"(40/32)",0,4,3.03498e+07,286136,35.382,0.334154,10577.9,1069.16,102499,9889.99
"CM256",,500,100,0,0,0,134217728,4096,"(12/8)",0,8,6.50454e+06,35896.6,165.081,0.901036,87124.2,8074.62,12376.2,579.254
"CM256",,500,100,0,0,0,134217728,4096,"(20/16)",0,8,6.08152e+06,84215.7,176.592,2.43805,82002.7,8611.79,13167.7,725.815
"CM256",,500,100,0,0,0,134217728,4096,"(24/16)",0,8,1.09002e+07,67949.3,98.5105,0.610765,79759.6,4614.45,13487.2,460.324
"CM256",,500,100,0,0,0,134217728,4096,"(36/32)",0,8,5.92053e+06,163726,181.498,5.02119,61652.1,4475.72,17459.8,652.662
"CM256",,500,100,0,0,0,134217728,4096,"(40/32)",0,8,1.07538e+07,128035,99.8622,1.19857,61861.5,1938.33,17372.7,501.431
"CM256",,500,100,0,0,0,134217728,8192,"(12/8)",0,8,6.78396e+06,88339.2,158.303,2.05669,48429.9,2354.31,22203.6,702.481
"CM256",,500,100,0,0,0,134217728,8192,"(20/16)",0,8,6.44239e+06,56853.6,166.681,1.48407,41334.7,2532.96,26032.2,967.915
"CM256",,500,100,0,0,0,134217728,8192,"(24/16)",0,8,1.12791e+07,114096,95.207,0.970033,34830.1,4480.22,30978.9,1314.75
"CM256",,500,100,0,0,0,134217728,8192,"(36/32)",0,8,6.71365e+06,19579.5,159.936,0.466363,32549.5,1282.88,33037.3,1257.37
"CM256",,500,100,0,0,0,134217728,8192,"(40/32)",0,8,1.16264e+07,25455.5,92.3543,0.202082,32980,4037.84,32727.6,1618.96
"CM256",,500,100,0,0,0,134217728,16384,"(12/8)",0,8,7.33732e+06,37499.7,146.344,0.746344,26810.6,8338.63,40870.3,2803.5
"CM256",,500,100,0,0,0,134217728,16384,"(20/16)",0,8,7.15342e+06,16804.2,150.103,0.351611,22896.7,856.22,46957.4,1674.45
"CM256",,500,100,0,0,0,134217728,16384,"(24/16)",0,8,1.23024e+07,21263.7,87.2794,0.150694,18805.1,3214.96,57515.8,2924.08
"CM256",,500,100,0,0,0,134217728,16384,"(36/32)",0,8,7.47964e+06,26979.4,143.557,0.516798,19858.2,6733.75,55268.5,4489.85
"CM256",,500,100,0,0,0,134217728,16384,"(40/32)",0,8,1.30644e+07,43541,82.1894,0.273851,19142,1227.28,56296.9,3214.42
"CM256",,500,100,0,0,0,134217728,32768,"(12/8)",0,8,7.54505e+06,14534.9,142.311,0.272786,14673.7,2451.43,73729.8,4041.37
"CM256",,500,100,0,0,0,134217728,32768,"(20/16)",0,8,7.9598e+06,31652.7,134.898,0.537046,14727,5845.23,74910.1,6638.81
"CM256",,500,100,0,0,0,134217728,32768,"(24/16)",0,8,1.42193e+07,50898.5,75.5138,0.269885,12825.8,5264.45,85566.6,6879.55
"CM256",,500,100,0,0,0,134217728,32768,"(36/32)",0,8,8.55177e+06,63662.1,125.565,0.937184,11740.4,1326.1,92336.7,8095.48
"CM256",,500,100,0,0,0,134217728,32768,"(40/32)",0,8,1.50071e+07,94793.2,71.5518,0.453075,11871,9597.66,94167.6,7927.62
"CM256",,500,100,0,0,0,134217728,65536,"(12/8)",0,8,8.86137e+06,38663.7,121.173,0.528221,10062.4,1186.6,107737,9070.98
"CM256",,500,100,0,0,0,134217728,65536,"(20/16)",0,8,8.8899e+06,48247.1,120.786,0.656611,9092,1090.62,119344,10865
"CM256",,500,100,0,0,0,134217728,65536,"(24/16)",0,8,1.55921e+07,97957.9,68.8672,0.433588,9005.63,7795.85,127300,15440.9
"CM256",,500,100,0,0,0,134217728,65536,"(36/32)",0,8,9.40771e+06,34877,114.136,0.423486,8447.37,1091.56,128719,13184.2
"CM256",,500,100,0,0,0,134217728,65536,"(40/32)",0,8,1.58586e+07,83040.8,67.709,0.355194,7952.85,2656.86,138077,14650.9
"CM256",,500,100,0,0,0,134217728,4096,"(12/8)",0,16,3.52481e+06,25953.1,304.641,2.20796,49230.2,5225.96,21902.5,946.221
"CM256",,500,100,0,0,0,134217728,4096,"(20/16)",0,16,3.18812e+06,52378.7,336.884,5.4728,44222,1155.31,24296.6,610.696
"CM256",,500,100,0,0,0,134217728,4096,"(24/16)",0,16,5.55534e+06,48932.9,193.296,1.69242,43830.6,1277.21,24517.4,683.659
"CM256",,500,100,0,0,0,134217728,4096,"(36/32)",0,16,3.20738e+06,44556.5,334.837,4.68713,34366.3,1108.06,31275,965.33
"CM256",,500,100,0,0,0,134217728,4096,"(40/32)",0,16,5.50733e+06,59124.4,194.988,2.10631,34799.6,9339.97,31208.3,1581.15
"CM256",,500,100,0,0,0,134217728,8192,"(12/8)",0,16,3.62365e+06,38916.9,296.349,3.16831,29095.3,6159.4,37312.4,2068.03
"CM256",,500,100,0,0,0,134217728,8192,"(20/16)",0,16,3.35296e+06,39344.3,320.282,3.7895,23964.1,1427.02,44913,1883.94
"CM256",,500,100,0,0,0,134217728,8192,"(24/16)",0,16,5.80178e+06,51521.7,185.086,1.65826,20704.2,914.817,51953.6,2110.47
"CM256",,500,100,0,0,0,134217728,8192,"(36/32)",0,16,3.54459e+06,27941.4,302.942,2.36999,20449.9,3582.39,52933.5,3010.88
"CM256",,500,100,0,0,0,134217728,8192,"(40/32)",0,16,6.00385e+06,21215.7,178.844,0.6307,20547.9,880.998,52344.1,2078.21
"CM256",,500,100,0,0,0,134217728,16384,"(12/8)",0,16,3.90211e+06,25562.1,275.182,1.80198,16739,664.214,64238.8,2355.1
"CM256",,500,100,0,0,0,134217728,16384,"(20/16)",0,16,3.81951e+06,15972.9,281.125,1.1731,15858.4,5004.67,68724.7,4327.38
"CM256",,500,100,0,0,0,134217728,16384,"(24/16)",0,16,6.36428e+06,23856.3,168.716,0.62971,12887.6,688.786,83538.5,4200.81
"CM256",,500,100,0,0,0,134217728,16384,"(36/32)",0,16,4.09166e+06,20361.8,262.428,1.3039,14194.5,1458.98,76224.7,5817.64
"CM256",,500,100,0,0,0,134217728,16384,"(40/32)",0,16,6.88993e+06,34515.5,155.846,0.780509,13828.4,3336,78796.3,6267.39
"CM256",,500,100,0,0,0,134217728,32768,"(12/8)",0,16,4.12542e+06,16738,260.279,1.05379,11069.9,2913.79,98323.5,6860.61
"CM256",,500,100,0,0,0,134217728,32768,"(20/16)",0,16,4.41669e+06,27313,243.12,1.50279,11139.8,926.745,96933.2,6818.47
"CM256",,500,100,0,0,0,134217728,32768,"(24/16)",0,16,7.54512e+06,36848.4,142.313,0.693936,10507.7,818.21,102729,7151.87
"CM256",,500,100,0,0,0,134217728,32768,"(36/32)",0,16,4.91494e+06,23078.9,218.47,1.02637,10123.5,1381.44,107435,10635.2
"CM256",,500,100,0,0,0,134217728,32768,"(40/32)",0,16,8.2081e+06,45206.3,130.819,0.720079,10096.9,1126.32,107243,8487.74
"CM256",,500,100,0,0,0,134217728,65536,"(12/8)",0,16,5.06821e+06,28443.9,211.865,1.18803,9393.17,1190.81,115633,11028.9
"CM256",,500,100,0,0,0,134217728,65536,"(20/16)",0,16,5.21221e+06,30302.4,206.012,1.19975,8401.85,1239.71,129506,12569.2
"CM256",,500,100,0,0,0,134217728,65536,"(24/16)",0,16,8.70156e+06,47131.2,123.4,0.668615,8204.34,907.49,132221,12757.7
"CM256",,500,100,0,0,0,134217728,65536,"(36/32)",0,16,5.89685e+06,20286,182.09,0.625118,8078.14,1153.48,134793,14145.7
"CM256",,500,100,0,0,0,134217728,65536,"(40/32)",0,16,1.02701e+07,44867.7,104.552,0.457394,8222.18,1237.51,132161,12288.9
"CM256",,500,100,0,0,0,134217728,4096,"(12/8)",0,32,2.73362e+06,17231.4,392.807,2.45239,35559.2,6220.74,30537.9,2127.64
"CM256",,500,100,0,0,0,134217728,4096,"(20/16)",0,32,2.11818e+06,23763.7,506.98,5.61042,29296.1,1586.54,36755.6,1942.04
"CM256",,500,100,0,0,0,134217728,4096,"(24/16)",0,32,3.40799e+06,55720.2,315.149,5.10035,30691.3,4581.88,35272.4,2383.05
"CM256",,500,100,0,0,0,134217728,4096,"(36/32)",0,32,1.92047e+06,26865.2,559.211,7.76868,24775.8,7234.64,44266.2,3766.9
"CM256",,500,100,0,0,0,134217728,4096,"(40/32)",0,32,3.16133e+06,64644.8,339.79,6.90489,26005.8,6351.37,42063.6,3799.81
"CM256",,500,100,0,0,0,134217728,8192,"(12/8)",0,32,2.75896e+06,17981.7,389.201,2.50032,21228.1,3504.25,50965.1,2799.96
"CM256",,500,100,0,0,0,134217728,8192,"(20/16)",0,32,2.15936e+06,27019.7,497.326,6.1094,18783.8,6208.53,58527,4923.41
"CM256",,500,100,0,0,0,134217728,8192,"(24/16)",0,32,3.51245e+06,54391.6,305.769,4.7143,18041.4,6872.12,61102.3,5534.68
"CM256",,500,100,0,0,0,134217728,8192,"(36/32)",0,32,2.24351e+06,32672.7,478.701,6.95872,17046.4,3904.97,63916.9,5572.67
"CM256",,500,100,0,0,0,134217728,8192,"(40/32)",0,32,3.6187e+06,55977.6,296.791,4.57166,18059.3,5910.29,60866.6,6078.01
"CM256",,500,100,0,0,0,134217728,16384,"(12/8)",0,32,2.82579e+06,20577.6,379.999,2.75595,14819.7,3451.56,73581.6,5992.56
"CM256",,500,100,0,0,0,134217728,16384,"(20/16)",0,32,2.55777e+06,27264.9,419.844,4.46656,14337.8,2430.67,75884.1,7121.08
"CM256",,500,100,0,0,0,134217728,16384,"(24/16)",0,32,4.04335e+06,59910.3,265.616,3.92373,14057.5,1623.67,77155.1,6985.81
"CM256",,500,100,0,0,0,134217728,16384,"(36/32)",0,32,2.80722e+06,33634.4,382.547,4.59526,14395.9,2044.69,75710.6,8256.38
"CM256",,500,100,0,0,0,134217728,16384,"(40/32)",0,32,4.49286e+06,88376.2,239.08,4.67444,15225.5,4399.99,71936.2,7198.34
"CM256",,500,100,0,0,0,134217728,32768,"(12/8)",0,32,3.02409e+06,19087.6,355.077,2.22836,12214,6965.64,91444,8914.14
"CM256",,500,100,0,0,0,134217728,32768,"(20/16)",0,32,3.17541e+06,27114.5,338.168,2.88786,12046.1,3986.71,91120.2,9034.35
"CM256",,500,100,0,0,0,134217728,32768,"(24/16)",0,32,5.1984e+06,64054.9,206.584,2.52689,12590.5,1858.31,86456.3,8794.32
"CM256",,500,100,0,0,0,134217728,32768,"(36/32)",0,32,3.98524e+06,23277.6,269.439,1.55867,11152.8,1323.39,97352.6,9632.92
"CM256",,500,100,0,0,0,134217728,32768,"(40/32)",0,32,6.40557e+06,35784,167.631,0.934211,12058,1320.9,89946.8,8520.02
"CM256",,500,100,0,0,0,134217728,65536,"(12/8)",0,32,4.00897e+06,27776.8,267.848,1.85442,10797,5221.49,102519,10481.8
"CM256",,500,100,0,0,0,134217728,65536,"(20/16)",0,32,4.37821e+06,22434.9,245.253,1.24716,10559.4,1184.66,102683,9325.21
"CM256",,500,100,0,0,0,134217728,65536,"(24/16)",0,32,7.12917e+06,43282.7,150.618,0.911269,10606.4,2183.6,103327,11979.7
"CM256",,500,100,0,0,0,134217728,65536,"(36/32)",0,32,5.16926e+06,21200.9,207.72,0.846885,10468.7,1119.61,103552,9577.79
"CM256",,500,100,0,0,0,134217728,65536,"(40/32)",0,32,9.2862e+06,30276.2,115.629,0.376715,10889.5,8966.88,108669,16038.2
